{"mean": 17.710580825805664, "std": 9.70101547241211}